[
    {
        "id": 1,
        "head": "Lorem ipsum dolor sit amet",
        "para": "lorem ipsum dolor sit amet, consectetur adipiscing elit. Dignissim dui purus sit hac ac, ornare a nibh etiam. Diam eget mauris, iaculis pellentesque hendrerit turpis dolor facilisi velit."
    },
    {
        "id": 2,
        "head": "Lorem ipsum dolor sit amet",
        "para": "lorem ipsum dolor sit amet, consectetur adipiscing elit. Dignissim dui purus sit hac ac, ornare a nibh etiam. Diam eget mauris, iaculis pellentesque hendrerit turpis dolor facilisi velit."
    },
    {
        "id": 3,
        "head": "Lorem ipsum dolor sit amet",
        "para": "lorem ipsum dolor sit amet, consectetur adipiscing elit. Dignissim dui purus sit hac ac, ornare a nibh etiam. Diam eget mauris, iaculis pellentesque hendrerit turpis dolor facilisi velit."
    },
    {
        "id": 4,
        "head": "Lorem ipsum dolor sit amet",
        "para": "lorem ipsum dolor sit amet, consectetur adipiscing elit. Dignissim dui purus sit hac ac, ornare a nibh etiam. Diam eget mauris, iaculis pellentesque hendrerit turpis dolor facilisi velit."
    },
    {
        "id": 5,
        "head": "Lorem ipsum dolor sit amet",
        "para": "lorem ipsum dolor sit amet, consectetur adipiscing elit. Dignissim dui purus sit hac ac, ornare a nibh etiam. Diam eget mauris, iaculis pellentesque hendrerit turpis dolor facilisi velit."
    }
]