[
    {
        "id": 1,
        "head": "NFLX",
        "sub": "Netflix",
        "price": "$88.91",
        "value": "+ 1.29%",
        "trendChartData": [10, 20.15, 20, 10.15, 30, 40.15, 40, 30.15, 100, 60.15, 60, 50.15, 70, 80.15, 80, 70.15, 90, 90.15, 100 ]
    },
    {
        "id": 2,
        "head": "AAPL",
        "sub": "Apple",
        "price": "$142.90",
        "value": "- 0.32%",
        "trendChartData": [60.15, 60, 50.15, 70, 80.15, 80, 70.15, 90, 30.15, 50, 10, 20.15, 20, 10.15, 30, 40.15, 40, 30.15, 100]
    },
    {
        "id": 3,
        "head": "MSFT",
        "sub": "Microsoft",
        "price": "$417.65",
        "value": "+ 2.75%",
        "trendChartData": [10, 20.15, 20, 10.15, 30, 40.15, 40, 30.15, 100, 60.15, 60, 50.15, 70, 80.15, 10.15, 30, 40.15, 40, 30.15 ]
    },
    {
        "id": 4,
        "head": "NVDA",
        "sub": "Nvidia",
        "price": "$132.65",
        "value": "- 0.26%",
        "trendChartData": [50.15, 70, 80.15, 80, 30, 40.15, 40, 30.15, 100, 60.15, 60, 50.15, 70, 80.15, 80, 70.15, 90, 90.15, 100 ]
    }
]
